youtube_url	higgsfield_analysis_id	status_2026-09-29_19:41Z
https://youtu.be/zt3F7kRB5ik	abdb0c5f-0ff6-4d77-8f1b-222c2c97e688	queued
https://youtu.be/ZCKbMiJ6OR4	7b7aee59-5246-4821-8853-27cd6ab7d43d	completed
https://youtu.be/TMbknFlEj6g	e16c5fd3-8060-4c59-8dc9-4e02c240e25e	queued
https://youtu.be/n8E6P7xGyCU	2c9b8883-68f3-410c-9f6c-a13ea1a1caf6	queued
https://youtu.be/tSQ14tVjrWQ	8aea0a37-01e2-453c-a463-dac10208327f	queued
https://youtu.be/_VaZLbZTXBA	c75db233-7969-47fe-aa69-fdd9a47f8f53	queued
https://youtu.be/pJfn2PAo36A	42a1083e-cbcb-4692-a54b-f72dd774bced	failed
https://youtu.be/APzVQOjjm7o	7b852194-617c-4c92-b11c-dd0ed99051d2	in_progress
https://youtu.be/Oo1l2kBVAcM	99c31622-4809-4a27-9911-2bcaf5b0718a	queued
https://youtu.be/AmKQXzbfLGE	884b4735-9450-4847-ab4c-7eab6eec28b6	queued
https://youtu.be/7DfS1DCWc-8	31cbd601-e138-4eab-a15a-e419aea2a4b0	failed
https://youtu.be/sq87s3r_RMo	760f323e-eedf-40fc-b115-895bb1c02213	queued
https://youtu.be/Q8z_gs8R76k	a22adff5-3842-456b-a15c-5a614d4fa964	failed
https://youtu.be/zvVg61patS0	5891b8ab-0d1f-4c2f-a5c7-e56389fbf1e9	in_progress
https://youtu.be/60vXK94474w	0b67c1b2-9bec-45fc-bef4-8aae2e25284b	in_progress
https://youtu.be/0qghQn0coVk	591af723-04c4-4edf-88c9-3c9c4afcc431	completed (unbrauchbar, beschreibt fremdes Video)
https://youtu.be/i4UmTLUjk38	6fd92a97-2e32-4291-b066-a84a74d26a42	failed
https://youtu.be/B9WaFbfGyBQ	71d8f31d-695d-465a-80de-0e2b1b2f9ffc	queued
https://youtu.be/g6TTeH1X2kU	cb9a4d04-fd8b-4466-aef1-75cb0c14dadc	queued
https://youtu.be/X6ZsjEAEh8k	665063c5-67d0-4eba-bb09-c547c6cb3a22	completed
https://youtu.be/ExJe92ksibU	520ceca6-d2c3-4cf4-b7cd-c9f7ce1d2f91	queued
